H,W,c_in,stride,G,in_beats,predicted_cycles,measured_cycles,abs_err,pct_err,err_per_row,axis_cycles,axis_minus_core,core_out_beats,axis_out_beats,status
90,160,3,2,20,5400,6097,6049,-48,-0.7872724290634738,-0.5274725274725275,6130,81,1350,1350,OK
180,160,3,2,20,10800,12127,12079,-48,-0.39581100024738186,-0.26519337016574585,12160,81,2700,2700,OK
360,160,3,2,20,21600,24187,24139,-48,-0.19845371480547402,-0.1329639889196676,24220,81,5400,5400,OK
720,160,3,2,20,43200,48307,48259,-48,-0.09936448133810835,-0.06657420249653259,48340,81,10800,10800,OK
90,320,3,2,40,10800,11557,11449,-108,-0.9344985722938479,-1.1868131868131868,11590,141,2700,2700,OK
180,320,3,2,40,21600,22987,22879,-108,-0.4698307739156915,-0.5966850828729282,23020,141,5400,5400,OK
360,320,3,2,40,43200,45847,45739,-108,-0.2355661221017733,-0.29916897506925205,45880,141,10800,10800,OK
720,320,3,2,40,86400,91567,91459,-108,-0.11794642174582547,-0.14979195561719832,91600,141,21600,21600,OK
90,640,3,2,80,21600,22477,22249,-228,-1.0143702451394758,-2.5054945054945055,22510,261,5400,5400,OK
180,640,3,2,80,43200,44707,44479,-228,-0.509987250318742,-1.2596685082872927,44740,261,10800,10800,OK
360,640,3,2,80,86400,89167,88939,-228,-0.25569997869166844,-0.631578947368421,89200,261,21600,21600,OK
720,640,3,2,80,172800,178087,177859,-228,-0.1280273124933319,-0.31622746185852985,178120,261,43200,43200,OK
90,1280,3,2,160,43200,44317,43849,-468,-1.0560281607509534,-5.142857142857143,44350,501,10800,10800,OK
180,1280,3,2,160,86400,88147,87679,-468,-0.5309312852394296,-2.585635359116022,88180,501,21600,21600,OK
360,1280,3,2,160,172800,175807,175339,-468,-0.2662010045106281,-1.296398891966759,175840,501,43200,43200,OK
720,1280,3,2,160,345600,351127,350659,-468,-0.13328510766759605,-0.6490984743411928,351160,501,86400,86400,OK
90,160,8,2,20,14400,15652,15499,-153,-0.9775108612317914,-1.6813186813186813,15685,186,3600,3600,OK
180,160,8,2,20,28800,31132,30979,-153,-0.4914557368623924,-0.8453038674033149,31165,186,7200,7200,OK
360,160,8,2,20,57600,62092,61939,-153,-0.2464085550473491,-0.42382271468144045,62125,186,14400,14400,OK
720,160,8,2,20,115200,124012,123859,-153,-0.12337515724284746,-0.21220527045769763,124045,186,28800,28800,OK
90,320,8,2,40,28800,30212,29899,-313,-1.0360121805904938,-3.4395604395604398,30245,346,7200,7200,OK
180,320,8,2,40,57600,60092,59779,-313,-0.5208680023963256,-1.729281767955801,60125,346,14400,14400,OK
360,320,8,2,40,115200,119852,119539,-313,-0.26115542502419653,-0.8670360110803325,119885,346,28800,28800,OK
720,320,8,2,40,230400,239372,239059,-313,-0.1307588189094798,-0.43411927877947293,239405,346,57600,57600,OK
90,640,8,2,80,57600,59332,58699,-633,-1.066877907368705,-6.956043956043956,59365,666,14400,14400,OK
180,640,8,2,80,115200,118012,117379,-633,-0.536386130224045,-3.4972375690607733,118045,666,28800,28800,OK
360,640,8,2,80,230400,235372,234739,-633,-0.2689359821898951,-1.7534626038781163,235405,666,57600,57600,OK
720,640,8,2,80,460800,470092,469459,-633,-0.13465449316304043,-0.8779472954230236,470125,666,115200,115200,OK
90,1280,8,2,160,115200,117572,116299,-1273,-1.0827407886231415,-13.989010989010989,117605,1306,28800,28800,OK
180,1280,8,2,160,230400,233852,232579,-1273,-0.5443613909652258,-7.033149171270718,233885,1306,57600,57600,OK
360,1280,8,2,160,460800,466412,465139,-1273,-0.27293465862799415,-3.526315789473684,466445,1306,115200,115200,OK
720,1280,8,2,160,921600,931532,930259,-1273,-0.13665660438932856,-1.765603328710125,931565,1306,230400,230400,OK
90,160,16,2,20,28800,30940,30619,-321,-1.037491919844861,-3.5274725274725274,30973,354,7200,7200,OK
180,160,16,2,20,57600,61540,61219,-321,-0.5216119597010075,-1.7734806629834254,61573,354,14400,14400,OK
360,160,16,2,20,115200,122740,122419,-321,-0.2615284340883168,-0.889196675900277,122773,354,28800,28800,OK
720,160,16,2,20,230400,245140,244819,-321,-0.1309455821163417,-0.44521497919556174,245173,354,57600,57600,OK
90,320,16,2,40,57600,60060,59419,-641,-1.0672660672660672,-7.043956043956044,60093,674,14400,14400,OK
180,320,16,2,40,115200,119460,118819,-641,-0.536581282437636,-3.541436464088398,119493,674,28800,28800,OK
360,320,16,2,40,230400,238260,237619,-641,-0.2690338285906153,-1.7756232686980609,238293,674,57600,57600,OK
720,320,16,2,40,460800,475860,475219,-641,-0.13470348421804731,-0.8890429958391124,475893,674,115200,115200,OK
90,640,16,2,80,115200,118300,117019,-1281,-1.0828402366863905,-14.076923076923077,118333,1314,28800,28800,OK
180,640,16,2,80,230400,235300,234019,-1281,-0.5444113897152572,-7.077348066298343,235333,1314,57600,57600,OK
360,640,16,2,80,460800,469300,468019,-1281,-0.27295972725335604,-3.548476454293629,469333,1314,115200,115200,OK
720,640,16,2,80,921600,937300,936019,-1281,-0.13666915608663183,-1.7766990291262137,937333,1314,230400,230400,OK
90,160,32,2,20,57600,61516,60859,-657,-1.0680148254112751,-7.21978021978022,61549,690,14400,14400,OK
180,160,32,2,20,115200,122356,121699,-657,-0.5369577299029062,-3.6298342541436464,122389,690,28800,28800,OK
360,160,32,2,20,230400,244036,243379,-657,-0.2692225737186317,-1.81994459833795,244069,690,57600,57600,OK
720,160,32,2,20,460800,487396,486739,-657,-0.13479798767326773,-0.9112343966712899,487429,690,115200,115200,OK
90,320,32,2,40,115200,119756,118459,-1297,-1.0830355055279068,-14.252747252747254,119789,1330,28800,28800,OK
180,320,32,2,40,230400,238196,236899,-1297,-0.5445095635527045,-7.165745856353591,238229,1330,57600,57600,OK
360,320,32,2,40,460800,475076,473779,-1297,-0.27300895014692383,-3.592797783933518,475109,1330,115200,115200,OK
720,320,32,2,40,921600,948836,947539,-1297,-0.13669380166857076,-1.7988904299583912,948869,1330,230400,230400,OK
90,160,48,2,20,86400,92092,91099,-993,-1.078269556530426,-10.912087912087912,92125,1026,21600,21600,OK
180,160,48,2,20,172800,183172,182179,-993,-0.5421134234489987,-5.486187845303867,183205,1026,43200,43200,OK
360,160,48,2,20,345600,365332,364339,-993,-0.2718075613414648,-2.7506925207756234,365365,1026,86400,86400,OK
720,160,48,2,20,691200,729652,728659,-993,-0.13609227412519942,-1.377253814147018,729685,1026,172800,172800,OK
90,320,48,2,40,172800,179452,177499,-1953,-1.0883133094086441,-21.46153846153846,179485,1986,43200,43200,OK
180,320,48,2,40,345600,356932,354979,-1953,-0.5471630450618045,-10.790055248618785,356965,1986,86400,86400,OK
360,320,48,2,40,691200,711892,709939,-1953,-0.2743393660836194,-5.409972299168975,711925,1986,172800,172800,OK
720,320,48,2,40,1382400,1421812,1419859,-1953,-0.13735993225545992,-2.70873786407767,1421845,1986,345600,345600,OK
90,160,64,2,20,115200,122668,121339,-1329,-1.0834121368245997,-14.604395604395604,122701,1362,28800,28800,OK
180,160,64,2,20,230400,243988,242659,-1329,-0.5446989196189976,-7.342541436464089,244021,1362,57600,57600,OK
360,160,64,2,20,460800,486628,485299,-1329,-0.27310389044609024,-3.6814404432132966,486661,1362,115200,115200,OK
720,160,64,2,20,921600,971908,970579,-1329,-0.13674133765747376,-1.8432732316227463,971941,1362,230400,230400,OK
180,160,3,1,20,10800,12127,12146,19,0.15667518759792198,0.10497237569060773,12163,17,10800,10800,OK
180,320,3,1,40,21600,22987,23006,19,0.08265541392961238,0.10497237569060773,23023,17,21600,21600,OK
180,640,3,1,80,43200,44707,44726,19,0.042498937526561836,0.10497237569060773,44743,17,43200,43200,OK
180,160,8,1,20,28800,31132,31151,19,0.061030450982911474,0.10497237569060773,31168,17,28800,28800,OK
180,320,8,1,40,57600,60092,60111,19,0.03161818544897824,0.10497237569060773,60128,17,57600,57600,OK
180,640,8,1,80,115200,118012,118031,19,0.016100057621258854,0.10497237569060773,118048,17,115200,115200,OK
180,160,16,1,20,57600,61540,61559,19,0.03087422814429639,0.10497237569060773,61576,17,57600,57600,OK
180,320,16,1,40,115200,119460,119479,19,0.015904905407667837,0.10497237569060773,119496,17,115200,115200,OK
180,640,16,1,80,230400,235300,235319,19,0.008074798130046749,0.10497237569060773,235336,17,230400,230400,OK
180,160,32,1,20,115200,122356,122375,19,0.015528457942397595,0.10497237569060773,122392,17,115200,115200,OK
180,320,32,1,40,230400,238196,238215,19,0.007976624292599372,0.10497237569060773,238232,17,230400,230400,OK
180,160,48,1,20,172800,183172,183191,19,0.010372764396305112,0.10497237569060773,183208,17,172800,172800,OK
180,320,48,1,40,345600,356932,356951,19,0.005323142783499378,0.10497237569060773,356968,17,345600,345600,OK
180,160,64,1,20,230400,243988,244007,19,0.007787268226306212,0.10497237569060773,244024,17,230400,230400,OK
24,67,3,1,9,648,850,869,19,2.235294117647059,0.76,886,17,648,648,OK
24,67,3,2,9,648,850,832,-18,-2.1176470588235294,-0.72,883,51,144,144,OK
24,100,3,1,13,936,1150,1169,19,1.6521739130434783,0.76,1186,17,936,936,OK
24,100,3,2,13,936,1150,1120,-30,-2.608695652173913,-1.2,1183,63,216,216,OK
24,1435,3,1,180,12960,13675,13694,19,0.13893967093235832,0.76,13711,17,12960,12960,OK
24,1435,3,2,180,12960,13675,13147,-528,-3.8610603290676417,-21.12,13708,561,3240,3240,OK
24,1279,3,1,160,11520,12175,12194,19,0.15605749486652978,0.76,12211,17,11520,11520,OK
24,1279,3,2,160,11520,12175,11707,-468,-3.8439425051334704,-18.72,12208,501,2880,2880,OK
1,160,8,1,20,160,344,363,19,5.523255813953488,9.5,380,17,160,160,OK
1,160,8,2,20,160,344,363,19,5.523255813953488,9.5,380,17,80,80,OK
2,160,8,1,20,320,516,535,19,3.682170542635659,6.333333333333333,552,17,320,320,OK
2,160,8,2,20,320,516,363,-153,-29.651162790697676,-51.0,549,186,80,80,OK
4,160,8,1,20,640,860,879,19,2.2093023255813953,3.8,896,17,640,640,OK
4,160,8,2,20,640,860,707,-153,-17.790697674418606,-30.6,893,186,160,160,OK
8,160,8,1,20,1280,1548,1567,19,1.227390180878553,2.111111111111111,1584,17,1280,1280,OK
8,160,8,2,20,1280,1548,1395,-153,-9.883720930232558,-17.0,1581,186,320,320,OK
16,160,8,1,20,2560,2924,2943,19,0.6497948016415869,1.1176470588235294,2960,17,2560,2560,OK
16,160,8,2,20,2560,2924,2771,-153,-5.232558139534884,-9.0,2957,186,640,640,OK
32,160,8,1,20,5120,5676,5695,19,0.3347427766032417,0.5757575757575758,5712,17,5120,5120,OK
32,160,8,2,20,5120,5676,5523,-153,-2.6955602536997887,-4.636363636363637,5709,186,1280,1280,OK
